,index,Co,Mn,Fe,Ni,I,FE
20,20,0.0,0.0,0.0,1.0,26.84722222,61.95394608
53,59,0.3,0.2,0.3,0.2,28.41666667,53.98323529
91,97,0.1,0.2,0.3,0.4,26.9375,48.84602941
71,77,0.2,0.2,0.5,0.1,25.375,47.86683824
76,82,0.2,0.4,0.1,0.3,25.22916667,26.42397059
41,47,0.4,0.2,0.2,0.2,29.22916667,58.42507353
58,64,0.3,0.4,0.1,0.2,24.04166667,30.09948529
33,39,0.5,0.2,0.1,0.2,29.54166667,51.78360294
27,33,0.6,0.1,0.1,0.2,31.52083333,47.01536765
39,45,0.4,0.1,0.4,0.1,29.41666667,61.83095588
